<?xml version='1.0'?>
<!--
  ~ (c) Copyright 2024 Swiss Post Ltd.
  -->
<configuration xmlns:xsi="http://www.w3.org/2001/XMLSchema-instance"
							 xmlns="urn:activemq"
							 xsi:schemaLocation="urn:activemq /schema/artemis-configuration.xsd">

	<core xmlns:xsi="http://www.w3.org/2001/XMLSchema-instance" xmlns="urn:activemq:core"
				xsi:schemaLocation="urn:activemq:core ">

		<name>0.0.0.0</name>


		<persistence-enabled>true</persistence-enabled>

		<!-- It is recommended to keep this value as 1, maximizing the number of records stored about redeliveries.
				 However if you must preserve state of individual redeliveries, you may increase this value or set it to -1 (infinite). -->
		<max-redelivery-records>1</max-redelivery-records>

		<!-- this could be ASYNCIO, MAPPED, NIO
				 ASYNCIO: Linux Libaio
				 MAPPED: mmap files
				 NIO: Plain Java Files
		 -->
		<journal-type>ASYNCIO</journal-type>

		<paging-directory>data/paging</paging-directory>

		<bindings-directory>data/bindings</bindings-directory>

		<journal-directory>data/journal</journal-directory>

		<large-messages-directory>data/large-messages</large-messages-directory>


		<!-- if you want to retain your journal uncomment this following configuration.

		This will allow your system to keep 7 days of your data, up to 10G. Tweak it accordingly to your use case and capacity.

		it is recommended to use a separate storage unit from the journal for performance considerations.

		<journal-retention-directory period="7" unit="DAYS" storage-limit="10G">data/retention</journal-retention-directory>

		You can also enable retention by using the argument journal-retention on the `artemis create` command -->


		<journal-datasync>true</journal-datasync>

		<journal-min-files>2</journal-min-files>

		<journal-pool-files>10</journal-pool-files>

		<journal-device-block-size>4096</journal-device-block-size>

		<journal-file-size>10M</journal-file-size>

		<!--
		 This value was determined through a calculation.
		 Your system could perform 41.67 writes per millisecond
		 on the current journal configuration.
		 That translates as a sync write every 24000 nanoseconds.

		 Note: If you specify 0 the system will perform writes directly to the disk.
					 We recommend this to be 0 if you are using journalType=MAPPED and journal-datasync=false.
		-->
		<journal-buffer-timeout>24000</journal-buffer-timeout>


		<!--
			When using ASYNCIO, this will determine the writing queue depth for libaio.
		 -->
		<journal-max-io>4096</journal-max-io>
		<!--
			You can verify the network health of a particular NIC by specifying the <network-check-NIC> element.
			 <network-check-NIC>theNicName</network-check-NIC>
			-->

		<!--
			Use this to use an HTTP server to validate the network
			 <network-check-URL-list>http://www.apache.org</network-check-URL-list> -->

		<!-- <network-check-period>10000</network-check-period> -->
		<!-- <network-check-timeout>1000</network-check-timeout> -->

		<!-- this is a comma separated list, no spaces, just DNS or IPs
				 it should accept IPV6

				 Warning: Make sure you understand your network topology as this is meant to validate if your network is valid.
									Using IPs that could eventually disappear or be partially visible may defeat the purpose.
									You can use a list of multiple IPs, and if any successful ping will make the server OK to continue running -->
		<!-- <network-check-list>10.0.0.1</network-check-list> -->

		<!-- use this to customize the ping used for ipv4 addresses -->
		<!-- <network-check-ping-command>ping -c 1 -t %d %s</network-check-ping-command> -->

		<!-- use this to customize the ping used for ipv6 addresses -->
		<!-- <network-check-ping6-command>ping6 -c 1 %2$s</network-check-ping6-command> -->


		<!-- how often we are looking for how many bytes are being used on the disk in ms -->
		<disk-scan-period>5000</disk-scan-period>

		<!-- once the disk hits this limit the system will block, or close the connection in certain protocols
				 that won't support flow control. -->
		<max-disk-usage>90</max-disk-usage>

		<!-- should the broker detect dead locks and other issues -->
		<critical-analyzer>true</critical-analyzer>

		<critical-analyzer-timeout>120000</critical-analyzer-timeout>

		<critical-analyzer-check-period>60000</critical-analyzer-check-period>

		<critical-analyzer-policy>HALT</critical-analyzer-policy>


		<page-sync-timeout>1020000</page-sync-timeout>


		<!-- the system will enter into page mode once you hit this limit. This is an estimate in bytes of how much the messages are using in memory

		The system will use half of the available memory (-Xmx) by default for the global-max-size.
		You may specify a different value here if you need to customize it to your needs.

		<global-max-size>100Mb</global-max-size> -->

		<!-- the maximum number of messages accepted before entering full address mode.
				 if global-max-size is specified the full address mode will be specified by whatever hits it first. -->
		<global-max-size>-1</global-max-size>
		<global-max-messages>-1</global-max-messages>

		<ha-policy>
			<shared-store>
				<primary>
					<failover-on-shutdown>true</failover-on-shutdown>
				</primary>
			</shared-store>
		</ha-policy>

		<acceptors>
			<acceptor name="node0">tcp://message-broker-1:61616</acceptor>
		</acceptors>

		<connectors>
			<connector name="node0">tcp://message-broker-1:61616</connector>
			<connector name="node1">tcp://message-broker-2:61616</connector>
		</connectors>

		<cluster-connections>
			<cluster-connection name="my-cluster">
				<connector-ref>node0</connector-ref>
				<retry-interval>5000</retry-interval>
				<use-duplicate-detection>true</use-duplicate-detection>
				<message-load-balancing>ON_DEMAND</message-load-balancing>
				<max-hops>1</max-hops>
				<static-connectors>
					<connector-ref>node1</connector-ref>
				</static-connectors>
			</cluster-connection>
		</cluster-connections>

		<security-settings>
			<security-setting match="#">
				<permission type="createNonDurableQueue" roles="admin"/>
				<permission type="deleteNonDurableQueue" roles="admin"/>
				<permission type="createDurableQueue" roles="admin"/>
				<permission type="deleteDurableQueue" roles="admin"/>
				<permission type="createAddress" roles="admin"/>
				<permission type="deleteAddress" roles="admin"/>
				<permission type="consume" roles="admin"/>
				<permission type="browse" roles="admin"/>
				<permission type="send" roles="admin"/>
				<!-- we need this otherwise ./artemis data imp wouldn't work -->
				<permission type="manage" roles="admin"/>
			</security-setting>
			<security-setting match="voting-server">
				<permission type="consume" roles="voting-server,admin"/>
				<permission type="send" roles="control-component-1,control-component-2,control-component-3,control-component-4,admin"/>
			</security-setting>
			<security-setting match="broadcast-topic-exchange">
				<permission type="consume" roles="voting-server,admin"/>
				<permission type="send" roles="voting-server,admin"/>
				<permission type="createNonDurableQueue" roles="admin"/>
			</security-setting>
			<security-setting match="control-components::control-component-1">
				<permission type="consume" roles="control-component-1,admin"/>
			</security-setting>
			<security-setting match="control-components::control-component-2">
				<permission type="consume" roles="control-component-2,admin"/>
			</security-setting>
			<security-setting match="control-components::control-component-3">
				<permission type="consume" roles="control-component-3,admin"/>
			</security-setting>
			<security-setting match="control-components::control-component-4">
				<permission type="consume" roles="control-component-4,admin"/>
			</security-setting>
			<security-setting match="voting-server-aggregation">
				<permission type="send" roles="voting-server,admin"/>
				<permission type="consume" roles="voting-server,admin"/>
			</security-setting>
			<security-setting match="control-components">
				<permission type="send" roles="voting-server,admin"/>
			</security-setting>
		</security-settings>

		<address-settings>
			<!-- if you define auto-create on certain queues, management has to be auto-create -->
			<address-setting match="activemq.management#">
				<dead-letter-address>DLQ</dead-letter-address>
				<expiry-address>ExpiryQueue</expiry-address>
				<redelivery-delay>0</redelivery-delay>
				<!-- with -1 only the global-max-size is in use for limiting -->
				<max-size-bytes>-1</max-size-bytes>
				<message-counter-history-day-limit>10</message-counter-history-day-limit>
				<address-full-policy>PAGE</address-full-policy>
				<auto-create-queues>true</auto-create-queues>
				<auto-create-addresses>true</auto-create-addresses>
			</address-setting>
			<address-setting match="voting-server">
				<dead-letter-address>DLA.voting-server</dead-letter-address>
			</address-setting>
			<address-setting match="control-components">
				<dead-letter-address>DLA.control-components</dead-letter-address>
			</address-setting>
			<!--default for catch all-->
			<address-setting match="#">
				<dead-letter-address>DLQ</dead-letter-address>
				<expiry-address>ExpiryQueue</expiry-address>

				<redelivery-delay>5000</redelivery-delay>
				<redelivery-delay-multiplier>1.0</redelivery-delay-multiplier>
				<max-redelivery-delay>10000</max-redelivery-delay>
				<max-delivery-attempts>2</max-delivery-attempts>

				<auto-create-queues>false</auto-create-queues>
				<auto-create-addresses>false</auto-create-addresses>
				<auto-delete-queues>false</auto-delete-queues>
				<auto-delete-addresses>false</auto-delete-addresses>

				<!-- When we start applying the address-full-policy, e.g paging -->
				<!-- Both are disabled by default, which means we will use the global-max-size/global-max-messages  -->
				<max-size-bytes>-1</max-size-bytes>
				<max-size-messages>-1</max-size-messages>
				<address-full-policy>PAGE</address-full-policy><!-- The size of each page file -->
				<page-size-bytes>10M</page-size-bytes>

				<!-- When we read from paging into queues (memory) -->
				<max-read-page-messages>-1</max-read-page-messages>
				<max-read-page-bytes>20M</max-read-page-bytes>

				<!-- Limit on paging capacity before starting to throw errors -->
				<page-limit-bytes>-1</page-limit-bytes>
				<page-limit-messages>-1</page-limit-messages>
				<management-browse-page-size>200</management-browse-page-size>
				<management-message-attribute-size-limit>5242880</management-message-attribute-size-limit>
			</address-setting>
		</address-settings>

		<addresses>
			<!-- Technical addresses -->
			<address name="DLQ">
				<anycast>
					<queue name="DLQ"/>
				</anycast>
			</address>
			<address name="ExpiryQueue">
				<anycast>
					<queue name="ExpiryQueue"/>
				</anycast>
			</address>
			<!--	Dead Letter Addresses		-->
			<address name="DLA.voting-server">
				<anycast>
					<queue name="DLA.voting-server"/>
				</anycast>
			</address>
			<address name="DLA.control-components">
				<anycast>
					<queue name="DLA.control-components"/>
				</anycast>
			</address>
			<!--	Addresses		-->
			<address name="voting-server">
				<anycast>
					<queue name="voting-server"/>
				</anycast>
			</address>
			<address name="control-components">
				<multicast>
					<queue name="control-component-1">
						<filter string="(nodeId IS NULL) OR (nodeId='1')"/>
					</queue>
					<queue name="control-component-2">
						<filter string="(nodeId IS NULL) OR (nodeId='2')"/>
					</queue>
					<queue name="control-component-3">
						<filter string="(nodeId IS NULL) OR (nodeId='3')"/>
					</queue>
					<queue name="control-component-4">
						<filter string="(nodeId IS NULL) OR (nodeId='4')"/>
					</queue>
				</multicast>
			</address>
			<address name="broadcast-topic-exchange">
				<multicast/>
			</address>
			<address name="voting-server-aggregation">
				<anycast>
					<queue name="voting-server-aggregation"/>
				</anycast>
			</address>
		</addresses>

	</core>
</configuration>
