<?xml version="1.0" encoding="UTF-8" standalone="yes"?>
<!--
  ~ (c) Copyright 2024 Swiss Post Ltd.
  -->
<management-context xmlns="http://activemq.apache.org/schema">
	<!--<connector connector-port="1099"/>-->
	<authorisation>
		<allowlist>
			<entry domain="hawtio"/>
		</allowlist>
		<default-access>
			<!--
			The "default-access" settings apply to every MBean not explicitly configured
			in the "allowlist" or "role-access" sections
			-->

			<!-- allow read-only access by default -->
			<access method="list*" roles="admin"/>
			<access method="get*" roles="admin"/>
			<access method="is*" roles="admin"/>

			<!-- don't allow write or other operations by default -->
			<!--access method="set*" roles="amq"/-->
			<!--access method="*" roles="amq"/-->
		</default-access>
		<role-access>
			<match domain="org.apache.activemq.artemis">
				<access method="list*" roles="admin"/>
				<access method="get*" roles="admin"/>
				<access method="is*" roles="admin"/>
				<access method="set*" roles="admin"/>
				<!-- Note count and browse are need to access the browse tab in the console -->
				<access method="browse*" roles="admin"/>
				<access method="count*" roles="admin"/>
				<access method="*" roles="admin"/>
			</match>
			<!--example of how to configure a specific object -->
			<!--
			<match domain="org.apache.activemq.artemis" key="subcomponent=queues">
				 <access method="list*" roles="view,update,amq"/>
				 <access method="get*" roles="view,update,amq"/>
				 <access method="is*" roles="view,update,amq"/>
				 <access method="set*" roles="update,amq"/>
				 <access method="*" roles="amq"/>
			</match>
			-->
		</role-access>
	</authorisation>
</management-context>